date,year,equity_return,debt_return,gold_return,fd_return,equity_volatility,debt_volatility,gold_volatility,inflation_rate,interest_rate,stock_market_index,market_growth,gdp_growth,unemployment_rate,economic_condition
1984-01-01,1984,2.54,5.52,7.46,7.08,13.36,0.62,14.05,6.39,7.05,1000.0,1.79,7.99,6.57,Good
1984-02-01,1984,10.72,5.73,6.6,7.42,12.0,1.01,9.24,5.25,7.44,1008.93,5.7,7.42,4.8,Good
1984-03-01,1984,7.2,3.22,2.15,5.18,12.69,1.11,11.28,6.67,5.29,1014.99,-0.27,5.95,4.69,Normal
1984-04-01,1984,10.9,6.75,9.04,6.91,11.03,1.97,11.69,8.24,7.41,1024.21,1.72,4.7,5.91,Weak
1984-05-01,1984,-5.42,4.55,11.23,5.06,14.68,1.45,9.52,5.08,5.33,1019.58,-6.64,7.1,5.23,Good
1984-06-01,1984,16.2,5.16,3.2,5.52,9.47,0.78,7.34,5.08,5.46,1033.34,7.86,6.64,4.89,Good
1984-07-01,1984,-9.16,6.07,14.62,6.11,16.29,1.41,12.39,8.34,6.52,1025.45,5.11,7.0,6.76,Weak
1984-08-01,1984,2.84,5.18,11.42,5.01,15.73,0.68,11.07,6.88,5.79,1027.88,-0.08,6.79,6.85,Normal
1984-09-01,1984,11.03,5.71,5.09,5.54,10.56,1.6,11.91,4.65,5.74,1037.33,11.74,7.68,5.48,Good
1984-10-01,1984,17.87,4.84,8.64,5.49,10.45,1.06,9.79,6.48,5.68,1052.78,11.44,5.08,7.42,Normal
1984-11-01,1984,6.05,4.41,14.43,5.81,16.31,1.17,13.72,4.67,5.92,1058.09,-3.91,8.08,4.0,Good
1984-12-01,1984,-1.45,5.95,10.96,5.7,13.7,1.69,8.47,4.66,5.67,1056.81,1.08,6.4,5.14,Normal
1985-01-01,1985,2.01,4.78,8.89,5.97,13.26,0.75,15.26,5.94,5.96,1058.58,1.9,9.0,4.71,Good
1985-02-01,1985,9.93,3.07,5.39,3.98,12.44,0.87,5.64,2.06,4.07,1067.34,0.45,5.38,2.74,Normal
1985-03-01,1985,16.26,4.02,6.86,4.6,14.62,1.12,11.19,2.4,4.45,1081.81,14.67,8.98,4.94,Good
1985-04-01,1985,6.62,4.98,5.87,5.72,11.02,1.58,11.81,4.49,6.25,1087.77,5.15,6.42,5.2,Normal
1985-05-01,1985,6.91,4.99,-1.03,5.74,10.96,0.69,8.43,3.68,5.76,1094.04,4.38,5.24,7.04,Normal
1985-06-01,1985,7.25,4.96,17.11,5.42,13.65,0.4,12.08,6.07,5.42,1100.64,-8.89,5.21,6.34,Normal
1985-07-01,1985,10.24,5.32,8.13,5.05,12.31,1.08,13.67,3.87,5.51,1110.03,10.85,5.72,4.03,Normal
1985-08-01,1985,7.03,4.64,8.52,5.19,12.15,1.42,5.0,2.96,5.71,1116.54,-1.19,6.94,7.34,Good
1985-09-01,1985,25.05,4.22,10.06,5.25,10.63,1.65,12.79,8.14,5.59,1139.84,5.31,6.47,7.36,Weak
1985-10-01,1985,1.67,6.54,5.37,5.98,16.9,1.06,5.0,5.09,6.29,1141.42,7.5,5.19,6.14,Normal
1985-11-01,1985,2.92,5.23,7.91,5.55,15.93,1.1,8.49,5.62,5.51,1144.2,15.27,5.95,5.25,Normal
1985-12-01,1985,13.81,6.87,0.51,5.26,12.87,1.64,14.31,2.94,5.56,1157.37,-0.53,9.0,3.96,Good
1986-01-01,1986,-3.93,5.45,17.05,4.68,22.4,0.62,9.18,4.52,5.05,1153.58,-13.38,8.71,4.91,Good
1986-02-01,1986,9.39,4.86,3.77,4.32,11.82,1.17,7.99,5.7,4.63,1162.61,7.37,6.63,6.84,Good
1986-03-01,1986,13.36,2.45,3.1,4.1,18.38,1.43,9.86,3.43,3.97,1175.55,19.53,6.31,7.45,Normal
1986-04-01,1986,13.39,6.15,7.25,6.13,15.85,1.38,16.21,6.18,6.28,1188.67,14.25,6.1,7.45,Normal
1986-05-01,1986,23.74,5.26,13.02,5.63,15.51,1.04,6.03,4.42,5.83,1212.18,8.36,7.05,4.75,Good
1986-06-01,1986,14.05,4.06,8.29,4.92,9.94,1.28,8.12,4.97,5.09,1226.37,1.81,4.53,4.08,Normal
1986-07-01,1986,20.29,5.74,2.93,6.3,14.25,0.4,14.35,4.42,6.13,1247.11,11.82,5.74,5.51,Normal
1986-08-01,1986,-5.91,5.53,15.76,5.5,13.59,0.98,16.35,8.83,5.84,1240.97,-4.09,3.1,3.88,Weak
1986-09-01,1986,4.79,5.68,11.48,6.12,13.14,1.36,10.61,5.48,5.94,1245.93,9.5,6.6,5.88,Good
1986-10-01,1986,-5.71,3.23,9.49,4.27,10.95,0.99,7.3,3.6,4.36,1240.0,10.88,7.2,5.04,Good
1986-11-01,1986,8.0,5.75,12.4,5.81,12.61,1.22,16.48,6.98,6.0,1248.27,12.08,5.1,5.16,Normal
1986-12-01,1986,30.33,4.36,16.72,5.74,21.38,1.41,14.31,3.3,5.27,1279.82,27.58,8.62,3.26,Good
1987-01-01,1987,14.82,4.91,17.56,5.03,12.8,1.12,12.67,5.88,5.44,1295.62,7.37,4.12,6.17,Weak
1987-02-01,1987,8.16,3.98,3.55,4.23,13.46,1.38,7.97,2.0,4.47,1304.43,2.86,4.22,4.34,Weak
1987-03-01,1987,11.95,5.42,13.52,5.51,8.19,0.87,10.15,3.11,5.97,1317.41,7.06,6.62,3.74,Good
1987-04-01,1987,-0.39,5.57,10.34,5.75,16.54,1.15,10.56,5.85,5.66,1316.99,-5.88,7.53,2.5,Good
1987-05-01,1987,9.9,5.48,11.44,7.41,10.86,1.5,12.03,6.83,7.13,1327.85,1.67,8.37,5.67,Normal
1987-06-01,1987,14.03,6.06,2.01,5.47,9.35,1.32,14.58,5.81,5.2,1343.38,2.42,5.27,7.67,Normal
1987-07-01,1987,-1.75,4.26,7.76,6.51,11.03,1.02,13.02,5.29,6.35,1341.41,3.15,7.64,7.46,Good
1987-08-01,1987,13.69,5.89,4.97,6.76,10.11,1.36,8.05,4.96,6.96,1356.71,7.14,6.01,4.87,Normal
1987-09-01,1987,15.44,3.05,10.16,3.0,17.34,1.68,13.65,2.84,3.09,1374.17,1.3,6.06,4.38,Normal
1987-10-01,1987,13.45,4.87,12.02,4.34,15.95,0.57,11.33,4.2,4.91,1389.58,15.07,7.48,5.87,Good
1987-11-01,1987,16.53,5.53,-0.26,6.53,8.0,1.62,12.39,4.67,6.17,1408.72,6.79,7.08,4.18,Good
1987-12-01,1987,28.28,5.57,9.72,6.47,10.16,1.12,15.02,7.4,6.5,1441.92,3.48,3.41,6.15,Weak
1988-01-01,1988,9.4,6.11,13.46,6.24,12.81,1.39,8.25,6.12,6.51,1453.21,4.43,8.14,6.51,Good
1988-02-01,1988,16.77,3.94,5.77,4.59,16.31,1.75,9.99,2.33,4.41,1473.51,9.69,8.45,6.5,Good
1988-03-01,1988,7.99,6.66,11.87,5.88,9.56,0.74,9.69,6.08,6.27,1483.33,10.78,4.99,5.47,Normal
1988-04-01,1988,9.31,5.73,9.53,5.58,9.2,0.98,6.78,4.81,5.63,1494.83,0.44,6.68,5.15,Good
1988-05-01,1988,12.42,6.69,9.15,6.31,15.7,1.14,11.44,4.28,6.51,1510.31,2.25,6.89,4.26,Good
1988-06-01,1988,10.49,5.02,8.21,6.6,12.14,0.97,17.43,6.6,6.59,1523.52,3.35,6.26,4.67,Normal
1988-07-01,1988,-2.99,5.97,4.91,6.75,14.22,1.88,6.74,7.36,6.92,1519.72,-5.01,4.95,5.51,Normal
1988-08-01,1988,7.64,5.16,5.18,5.74,15.0,0.92,11.21,7.18,6.26,1529.4,-1.33,4.79,6.19,Normal
1988-09-01,1988,19.95,3.8,10.43,4.95,8.0,1.08,12.1,3.99,5.08,1554.82,3.25,6.14,6.37,Normal
1988-10-01,1988,18.34,5.15,8.29,5.57,14.07,1.31,11.04,4.94,5.46,1578.58,13.2,7.83,4.45,Good
1988-11-01,1988,18.51,5.36,8.41,6.37,11.75,0.82,10.74,6.1,6.52,1602.93,7.8,6.74,7.38,Good
1988-12-01,1988,8.59,5.93,8.02,6.32,11.93,1.08,8.07,7.26,6.28,1614.42,5.97,5.23,5.44,Normal
1989-01-01,1989,20.25,4.52,6.79,5.52,11.85,1.32,11.24,4.64,5.93,1641.66,12.86,7.26,5.34,Good
1989-02-01,1989,10.51,8.3,12.55,7.39,11.82,1.21,8.9,5.17,7.54,1656.04,2.81,2.0,4.55,Weak
1989-03-01,1989,7.45,4.86,5.94,5.69,10.74,1.17,5.0,3.51,6.0,1666.33,10.53,7.96,2.5,Good
1989-04-01,1989,12.57,4.76,1.81,5.02,11.08,1.1,13.32,3.35,4.99,1683.78,4.78,3.65,6.24,Weak
1989-05-01,1989,3.76,7.27,12.5,7.33,8.66,0.79,13.64,6.96,7.47,1689.05,6.63,5.28,6.6,Normal
1989-06-01,1989,1.95,5.12,9.34,6.55,12.62,1.35,11.61,7.94,6.53,1691.79,-0.44,4.03,5.53,Weak
1989-07-01,1989,1.86,4.36,8.62,4.45,17.94,1.95,11.42,5.37,4.32,1694.41,-12.25,4.07,5.56,Weak
1989-08-01,1989,12.08,3.97,16.18,5.85,11.8,1.22,14.01,7.31,5.83,1711.47,4.91,7.52,6.39,Normal
1989-09-01,1989,7.21,5.15,8.92,4.65,16.8,1.38,11.6,6.15,4.73,1721.75,15.06,5.22,3.72,Normal
1989-10-01,1989,22.55,4.8,8.98,4.91,13.59,1.5,12.84,4.34,5.31,1754.1,13.19,6.66,4.69,Good
1989-11-01,1989,18.06,5.03,4.28,6.09,13.59,0.78,10.29,6.15,6.24,1780.5,12.21,5.85,6.55,Normal
1989-12-01,1989,9.35,7.08,9.5,8.03,11.3,1.98,14.85,8.27,8.31,1794.38,13.44,6.38,4.41,Weak
1990-01-01,1990,0.39,6.23,10.97,6.0,9.8,1.29,11.66,5.44,6.24,1794.97,6.54,6.12,5.84,Normal
1990-02-01,1990,8.05,5.34,4.18,6.57,10.52,1.84,12.06,8.32,6.81,1807.01,4.69,3.74,4.29,Weak
1990-03-01,1990,7.84,4.6,7.1,5.04,16.17,0.99,6.82,2.0,5.44,1818.81,4.13,7.91,5.53,Good
1990-04-01,1990,9.15,3.73,9.94,4.11,9.63,1.94,11.96,6.98,4.75,1832.68,2.44,5.08,5.68,Normal
1990-05-01,1990,9.41,4.62,8.84,5.93,14.55,1.49,8.83,5.66,6.24,1847.06,8.77,3.65,3.59,Weak
1990-06-01,1990,1.32,7.29,12.37,6.33,16.59,1.43,9.14,4.96,6.43,1849.09,14.18,5.42,6.82,Normal
1990-07-01,1990,8.4,3.74,10.02,4.39,10.66,1.37,8.88,5.67,4.87,1862.03,6.0,8.23,4.64,Good
1990-08-01,1990,9.36,6.12,12.21,5.54,13.87,1.14,7.33,2.0,5.69,1876.56,5.18,7.7,4.0,Good
1990-09-01,1990,15.15,5.69,4.34,6.46,10.78,1.63,16.09,5.1,6.13,1900.25,5.75,5.52,5.68,Normal
1990-10-01,1990,7.56,4.37,9.54,6.0,12.76,1.26,14.36,6.14,5.89,1912.23,9.41,5.4,6.97,Normal
1990-11-01,1990,15.23,6.45,10.64,7.7,16.35,0.63,16.34,8.16,7.44,1936.5,-5.92,5.2,4.68,Weak
1990-12-01,1990,-9.67,7.57,3.69,7.44,20.14,0.93,7.58,4.57,7.49,1920.9,-8.18,9.0,5.43,Good
1991-01-01,1991,18.85,5.0,11.45,5.78,13.72,1.16,10.69,4.04,5.64,1951.07,3.04,6.75,5.8,Good
1991-02-01,1991,5.25,6.29,17.29,5.55,12.99,1.32,7.42,4.6,5.88,1959.6,-1.9,6.75,6.2,Good
1991-03-01,1991,14.58,6.17,9.58,5.9,9.31,1.2,9.55,7.15,6.21,1983.41,2.27,7.35,5.96,Normal
1991-04-01,1991,10.55,5.53,10.98,4.69,10.22,1.66,8.73,6.09,5.53,2000.86,4.68,6.29,5.15,Normal
1991-05-01,1991,17.31,5.42,8.29,6.48,9.99,0.54,13.74,4.55,6.33,2029.72,2.93,5.73,4.36,Normal
1991-06-01,1991,12.97,4.0,6.32,5.87,15.12,1.28,10.12,6.42,5.64,2051.65,15.35,5.59,5.74,Normal
1991-07-01,1991,4.15,4.95,1.41,5.83,13.65,0.57,13.59,5.67,6.12,2058.75,7.96,5.87,4.24,Normal
1991-08-01,1991,20.84,5.52,6.89,6.01,9.73,1.48,12.82,7.24,6.23,2094.51,7.0,5.73,2.5,Normal
1991-09-01,1991,13.52,5.87,2.19,5.6,13.0,1.17,16.32,4.24,5.94,2118.11,11.43,7.24,5.83,Good
1991-10-01,1991,8.26,3.73,15.01,6.01,14.31,1.35,7.03,4.91,6.06,2132.68,-1.8,6.15,6.5,Normal
1991-11-01,1991,24.26,6.0,7.66,6.71,16.23,0.94,13.85,4.79,6.58,2175.79,14.07,7.18,2.56,Good
1991-12-01,1991,4.61,4.45,5.48,4.08,8.0,1.75,13.08,2.87,4.67,2184.16,6.59,6.2,3.89,Normal
1992-01-01,1992,17.24,5.02,12.48,5.92,11.26,1.57,8.57,6.03,5.97,2215.53,10.31,6.05,6.32,Normal
1992-02-01,1992,0.86,5.7,4.39,5.16,15.59,1.45,13.51,5.97,5.38,2217.11,-3.57,2.95,8.04,Weak
1992-03-01,1992,4.44,5.32,5.51,5.53,17.96,1.18,11.72,5.51,5.65,2225.31,-4.3,7.37,5.53,Good
1992-04-01,1992,14.85,6.59,8.57,6.12,12.45,1.42,10.2,5.08,6.15,2252.86,12.05,6.57,4.56,Good
1992-05-01,1992,3.76,5.19,11.03,5.52,8.88,0.98,8.18,2.95,5.71,2259.91,10.6,7.8,4.9,Good
1992-06-01,1992,0.37,5.18,10.09,4.82,15.73,1.58,8.89,4.74,5.0,2260.61,-2.35,2.0,7.04,Weak
1992-07-01,1992,18.5,7.2,9.17,6.28,11.01,1.82,15.85,4.88,6.48,2295.47,1.66,9.0,4.63,Good
1992-08-01,1992,21.97,7.14,7.95,6.67,12.3,1.62,10.52,4.06,6.58,2337.49,14.33,5.96,4.32,Normal
1992-09-01,1992,6.62,4.73,9.99,6.18,12.74,0.96,12.76,5.21,6.23,2350.39,-1.44,7.7,4.88,Good
1992-10-01,1992,17.65,6.81,9.85,7.66,15.28,1.47,9.08,6.23,7.76,2384.96,16.09,4.35,4.47,Weak
1992-11-01,1992,3.74,5.23,6.66,6.1,12.94,0.79,9.77,8.9,6.57,2392.4,-1.73,6.51,6.16,Weak
1992-12-01,1992,21.79,4.81,8.96,4.87,8.0,1.47,13.66,5.81,5.11,2435.85,9.26,4.38,7.5,Weak
1993-01-01,1993,7.38,4.57,4.58,4.81,13.47,1.46,7.62,5.96,4.74,2450.83,2.77,5.01,5.96,Normal
1993-02-01,1993,16.05,5.83,8.81,7.01,15.78,0.64,9.8,5.37,7.15,2483.61,11.7,8.89,5.18,Good
1993-03-01,1993,18.43,5.12,4.41,5.33,12.5,0.85,10.1,2.05,5.31,2521.76,3.64,6.13,4.63,Normal
1993-04-01,1993,4.83,3.67,18.7,6.23,8.24,1.11,11.14,5.45,5.94,2531.91,4.89,6.33,3.62,Normal
1993-05-01,1993,22.33,6.74,8.49,6.37,10.12,1.12,10.45,5.61,6.26,2579.03,6.77,7.29,6.58,Good
1993-06-01,1993,-5.95,5.05,5.84,6.52,14.87,0.83,12.97,9.93,6.65,2566.23,-3.07,6.21,6.07,Weak
1993-07-01,1993,25.28,7.26,7.81,7.56,14.22,1.48,12.52,5.15,7.84,2620.3,11.31,6.27,5.23,Normal
1993-08-01,1993,6.09,5.32,11.01,5.5,13.3,1.31,12.85,6.04,6.29,2633.6,2.25,6.48,9.41,Normal
1993-09-01,1993,9.54,6.33,15.23,5.87,8.58,1.14,8.39,5.44,6.07,2654.53,5.9,9.0,5.85,Good
1993-10-01,1993,-5.21,3.17,4.85,5.61,13.42,0.95,9.64,3.4,5.84,2643.01,-0.1,6.17,4.28,Normal
1993-11-01,1993,-3.32,6.18,3.58,7.05,21.27,1.66,14.38,7.56,7.1,2635.7,-13.01,6.05,5.3,Normal
1993-12-01,1993,2.68,5.75,12.72,6.46,13.55,1.83,13.45,6.85,6.65,2641.59,4.66,7.41,7.08,Normal
1994-01-01,1994,15.73,4.67,3.98,5.64,20.8,1.04,7.8,6.92,5.87,2676.22,22.89,7.49,5.85,Normal
1994-02-01,1994,14.5,6.72,5.77,5.21,15.61,1.0,11.34,3.86,5.8,2708.55,13.14,7.98,3.53,Good
1994-03-01,1994,16.4,6.72,9.19,8.0,10.66,1.56,6.56,8.03,8.39,2745.56,4.91,6.66,6.98,Weak
1994-04-01,1994,11.79,6.45,6.66,6.16,13.63,1.09,10.36,2.98,6.19,2772.53,4.34,4.59,4.32,Normal
1994-05-01,1994,13.49,7.14,12.02,7.92,11.35,1.28,15.88,6.56,7.64,2803.71,6.78,8.32,7.91,Normal
1994-06-01,1994,2.21,6.85,8.4,6.8,8.75,1.54,9.49,9.44,6.97,2808.88,6.67,3.81,7.39,Weak
1994-07-01,1994,1.21,3.6,6.32,4.52,16.71,0.64,8.34,3.72,4.58,2811.7,-1.27,6.67,4.7,Good
1994-08-01,1994,27.66,4.42,7.86,5.63,15.64,1.7,12.53,4.48,5.54,2876.51,13.53,4.99,6.88,Normal
1994-09-01,1994,8.19,6.3,9.29,5.75,11.79,1.23,7.06,5.68,6.11,2896.16,10.69,5.88,5.61,Normal
1994-10-01,1994,25.81,6.35,8.38,6.5,12.22,1.1,9.07,4.59,6.56,2958.45,11.59,6.6,6.39,Good
1994-11-01,1994,12.47,2.11,8.5,3.33,13.22,1.36,11.67,2.71,3.67,2989.2,10.6,6.82,5.66,Good
1994-12-01,1994,11.04,6.16,12.03,7.33,11.16,1.29,9.32,5.62,7.27,3016.7,6.25,6.62,4.5,Good
1995-01-01,1995,22.96,5.08,8.9,5.09,14.26,0.66,9.81,3.59,5.2,3074.42,12.85,8.65,4.44,Good
1995-02-01,1995,21.75,5.86,10.94,5.88,12.87,1.73,12.95,6.35,5.96,3130.14,9.9,6.58,6.86,Good
1995-03-01,1995,9.34,3.61,1.17,4.27,14.4,1.33,11.52,3.85,4.61,3154.5,4.0,5.83,4.85,Normal
1995-04-01,1995,4.92,2.33,10.59,5.68,14.7,1.38,12.24,8.29,5.65,3167.43,1.17,7.11,5.43,Weak
1995-05-01,1995,12.31,6.09,9.58,6.54,11.72,1.55,9.67,4.09,6.17,3199.93,8.25,7.95,4.14,Good
1995-06-01,1995,18.54,4.29,11.11,5.45,17.46,0.85,11.66,4.92,5.86,3249.38,15.95,4.23,5.92,Weak
1995-07-01,1995,11.79,3.03,6.76,5.25,12.85,1.41,10.93,6.96,5.48,3281.32,-3.11,6.72,8.19,Normal
1995-08-01,1995,6.81,2.0,4.5,4.1,15.49,1.25,11.47,3.28,4.19,3299.93,-2.73,7.32,3.89,Good
1995-09-01,1995,15.27,5.82,6.54,5.92,14.01,1.51,9.74,5.91,5.87,3341.92,6.52,5.5,5.59,Normal
1995-10-01,1995,22.03,7.32,12.25,7.87,9.72,0.63,11.01,7.85,8.16,3403.27,6.1,7.78,7.55,Normal
1995-11-01,1995,15.56,4.29,10.83,3.92,9.73,1.26,7.68,2.61,4.78,3447.4,8.41,6.12,4.97,Normal
1995-12-01,1995,13.75,5.33,7.16,5.1,9.6,1.08,10.87,5.83,4.91,3486.9,7.46,6.15,6.09,Normal
1996-01-01,1996,-1.14,5.76,12.51,6.01,8.89,1.35,8.96,5.97,5.97,3483.59,3.88,5.68,4.3,Normal
1996-02-01,1996,-2.72,6.74,9.98,5.69,13.78,1.39,8.44,6.91,6.27,3475.71,15.54,5.85,6.23,Normal
1996-03-01,1996,7.77,2.0,6.63,3.0,15.28,1.19,10.97,3.27,3.06,3498.21,-5.14,4.62,4.94,Normal
1996-04-01,1996,7.21,4.72,6.18,5.37,10.35,1.02,10.81,3.12,5.12,3519.22,0.06,4.13,6.33,Weak
1996-05-01,1996,7.29,4.08,12.17,6.36,10.09,1.17,13.07,6.44,6.14,3540.61,5.93,8.28,7.07,Good
1996-06-01,1996,5.24,5.84,10.22,6.83,18.66,0.95,9.93,6.03,6.74,3556.06,-6.65,4.67,8.69,Normal
1996-07-01,1996,8.71,6.72,17.97,7.44,9.44,1.63,12.01,5.95,7.64,3581.86,3.54,4.46,6.26,Weak
1996-08-01,1996,23.21,6.89,5.57,6.99,18.29,1.16,12.41,6.12,7.12,3651.16,15.36,2.7,5.98,Weak
1996-09-01,1996,11.65,4.88,9.85,5.17,11.16,0.4,11.68,4.28,5.36,3686.61,6.08,5.19,5.55,Normal
1996-10-01,1996,5.26,5.05,6.73,5.39,12.23,1.13,8.92,5.92,5.26,3702.77,6.13,3.97,5.14,Weak
1996-11-01,1996,13.63,8.08,5.44,7.87,12.94,1.02,11.38,6.03,8.24,3744.84,-1.91,8.4,5.99,Good
1996-12-01,1996,8.23,6.82,7.7,5.25,13.25,0.66,11.46,4.21,5.6,3770.52,3.01,7.67,4.95,Good
1997-01-01,1997,10.65,5.87,11.31,7.29,10.52,0.86,11.73,8.86,7.19,3803.98,0.9,4.56,6.21,Weak
1997-02-01,1997,7.1,4.76,20.8,6.12,12.3,1.26,5.87,6.35,6.28,3826.48,4.87,9.0,7.21,Good
1997-03-01,1997,12.96,5.2,6.44,5.6,16.34,1.71,10.74,3.36,5.41,3867.82,16.71,7.73,3.97,Good
1997-04-01,1997,12.59,4.85,4.82,5.98,12.77,1.33,16.7,6.68,6.3,3908.41,8.85,5.37,7.05,Normal
1997-05-01,1997,5.81,5.66,8.53,4.76,12.56,1.07,9.54,3.75,4.93,3927.33,-3.11,2.46,6.82,Weak
1997-06-01,1997,15.69,5.0,1.2,5.68,9.72,1.36,9.41,6.92,6.06,3978.68,8.56,9.0,5.57,Normal
1997-07-01,1997,8.67,5.34,9.56,6.56,11.89,1.1,12.33,7.59,6.7,4007.43,7.09,3.67,3.27,Weak
1997-08-01,1997,1.96,4.19,7.68,4.53,12.17,1.03,11.29,4.02,5.05,4013.99,13.21,3.71,4.55,Weak
1997-09-01,1997,13.52,5.74,12.88,5.76,16.99,0.8,14.29,7.23,6.04,4059.22,16.84,7.33,7.32,Normal
1997-10-01,1997,13.37,5.47,12.95,5.84,10.45,0.61,7.92,6.24,6.35,4104.43,0.03,9.0,5.58,Good
1997-11-01,1997,5.65,4.96,7.52,6.34,14.61,1.09,13.07,6.98,6.31,4123.75,0.53,7.9,4.52,Normal
1997-12-01,1997,2.66,8.66,10.19,8.43,13.09,1.45,13.2,8.91,8.4,4132.89,-4.27,6.44,5.41,Weak
1998-01-01,1998,17.38,2.43,5.22,3.14,11.61,1.35,10.41,5.06,3.72,4192.75,4.91,6.95,6.44,Good
1998-02-01,1998,8.87,5.93,3.18,6.58,13.82,1.09,11.38,4.14,6.4,4223.73,10.49,7.44,5.95,Good
1998-03-01,1998,5.13,6.49,8.77,6.91,13.21,0.9,13.05,3.9,6.44,4241.79,14.19,7.33,4.97,Good
1998-04-01,1998,10.31,2.04,2.53,3.69,11.42,1.59,12.69,4.03,3.83,4278.24,6.28,6.6,4.84,Good
1998-05-01,1998,6.26,5.42,6.83,5.37,11.66,0.76,7.98,5.36,5.68,4300.54,3.74,6.17,5.01,Normal
1998-06-01,1998,4.17,4.34,4.99,6.47,9.31,1.48,13.08,6.11,5.92,4315.48,6.52,5.83,4.49,Normal
1998-07-01,1998,5.5,4.99,11.1,4.57,11.68,0.93,10.84,6.0,5.05,4335.26,-0.9,4.81,7.51,Normal
1998-08-01,1998,21.2,4.29,16.75,5.75,13.57,0.94,11.43,6.99,5.9,4411.85,19.45,5.4,5.34,Normal
1998-09-01,1998,3.31,5.01,3.38,5.01,17.66,0.76,11.06,5.52,5.12,4424.03,-6.84,3.46,6.96,Weak
1998-10-01,1998,12.08,8.23,2.86,8.5,8.0,1.21,11.15,8.12,8.32,4468.56,5.69,5.54,7.72,Weak
1998-11-01,1998,30.81,6.67,7.77,6.52,17.67,1.59,13.74,5.02,6.58,4583.27,19.42,4.57,6.63,Normal
1998-12-01,1998,5.12,7.59,11.56,8.32,11.22,1.59,11.79,10.0,8.59,4602.84,2.64,3.8,5.66,Weak
1999-01-01,1999,11.45,5.99,10.18,6.58,12.32,1.62,8.36,6.63,6.97,4646.74,4.06,6.13,6.15,Normal
1999-02-01,1999,7.58,3.62,5.79,4.32,9.7,1.5,9.51,3.96,4.56,4676.11,5.27,8.27,5.24,Good
1999-03-01,1999,5.8,5.65,6.52,4.5,9.61,0.9,10.84,3.57,4.91,4698.7,6.31,7.61,4.13,Good
1999-04-01,1999,10.37,5.37,10.61,6.56,15.79,1.14,14.17,6.37,6.7,4739.32,13.69,3.54,6.02,Weak
1999-05-01,1999,-1.59,3.44,12.48,4.59,19.52,1.02,12.28,5.1,4.88,4733.05,-10.27,4.56,4.02,Normal
1999-06-01,1999,19.08,6.74,1.59,6.5,16.6,1.75,9.07,6.79,7.02,4808.3,16.67,7.26,7.12,Normal
1999-07-01,1999,20.55,4.71,7.65,6.27,17.1,0.79,17.3,6.35,6.11,4890.66,-5.39,4.42,5.07,Weak
1999-08-01,1999,4.61,4.25,9.35,5.38,8.02,1.54,11.5,5.37,5.65,4909.44,3.84,5.68,5.72,Normal
1999-09-01,1999,7.37,4.4,3.91,5.57,12.48,1.52,13.68,3.98,6.04,4939.61,4.06,7.01,5.61,Good
1999-10-01,1999,13.4,4.68,13.73,5.21,13.83,1.89,9.81,2.77,5.4,4994.77,10.55,4.87,4.78,Normal
1999-11-01,1999,7.86,4.8,5.51,5.3,13.84,1.1,12.01,4.7,5.43,5027.49,-4.86,6.25,6.08,Normal
1999-12-01,1999,12.6,6.82,9.41,6.88,10.25,1.57,13.36,7.04,7.47,5080.27,7.16,3.81,5.16,Weak
2000-01-01,2000,26.89,5.32,11.05,5.2,17.34,2.06,14.02,5.89,5.27,5194.11,19.3,5.05,6.6,Normal
2000-02-01,2000,-10.05,5.74,4.75,5.3,14.19,1.01,12.96,3.26,5.71,5150.61,-2.3,6.75,3.55,Good
2000-03-01,2000,-6.5,5.73,1.39,6.86,10.74,0.71,13.13,5.81,6.58,5122.7,5.68,3.57,5.7,Weak
2000-04-01,2000,4.63,5.09,7.31,5.98,15.4,0.54,10.26,6.19,6.0,5142.44,1.2,6.58,7.93,Good
2000-05-01,2000,20.91,5.64,11.66,5.45,14.25,1.47,9.05,3.91,5.7,5232.07,9.61,6.16,4.06,Normal
2000-06-01,2000,0.07,5.42,7.41,4.76,8.0,0.61,11.78,5.78,5.1,5232.35,6.27,6.8,4.73,Good
2000-07-01,2000,-12.7,6.2,5.26,6.6,13.64,1.13,13.23,5.6,6.78,5176.98,1.47,6.32,6.13,Normal
2000-08-01,2000,18.67,4.34,10.94,5.14,15.74,1.42,9.8,3.44,5.13,5257.51,11.43,8.29,5.41,Good
2000-09-01,2000,19.11,4.28,7.67,5.65,17.6,1.28,13.7,6.14,5.81,5341.24,18.23,6.11,6.02,Normal
2000-10-01,2000,1.51,5.26,7.19,6.99,13.39,1.44,14.76,6.51,7.19,5347.97,3.61,5.23,6.24,Normal
2000-11-01,2000,5.61,5.76,10.44,5.98,16.3,1.29,9.07,7.45,6.12,5372.97,9.96,5.95,6.55,Normal
2000-12-01,2000,-1.72,5.11,12.89,5.24,17.31,1.68,9.26,7.4,5.54,5365.28,-3.76,6.59,7.12,Normal
2001-01-01,2001,9.22,3.99,16.49,3.65,13.45,1.04,9.9,3.02,3.89,5406.51,0.45,6.37,5.62,Normal
2001-02-01,2001,9.12,5.33,10.79,5.22,14.41,0.97,11.22,3.81,5.89,5447.61,10.04,6.26,4.96,Normal
2001-03-01,2001,18.91,5.65,13.82,5.39,15.43,0.99,9.8,6.43,5.3,5533.47,15.16,4.84,6.45,Normal
2001-04-01,2001,-8.84,6.57,7.15,7.65,10.86,1.63,14.49,6.42,7.73,5492.69,7.29,4.89,7.92,Normal
2001-05-01,2001,2.06,4.65,5.07,4.32,11.4,1.62,12.17,6.43,4.66,5502.13,2.0,3.78,5.48,Weak
2001-06-01,2001,1.55,7.7,11.75,9.0,13.61,1.59,12.1,10.0,8.93,5509.22,4.94,8.08,5.01,Weak
2001-07-01,2001,2.71,5.26,9.67,6.4,14.03,1.66,7.54,6.53,6.53,5521.66,-4.48,4.01,6.98,Weak
2001-08-01,2001,7.69,6.21,5.59,6.23,14.5,0.84,8.1,7.54,6.64,5557.05,8.43,4.72,5.66,Normal
2001-09-01,2001,18.28,5.63,8.99,6.23,13.59,1.8,12.01,7.22,6.17,5641.68,10.52,4.72,3.15,Normal
2001-10-01,2001,-4.07,6.21,10.93,6.68,8.86,1.79,5.84,6.67,6.73,5622.56,2.79,7.2,6.69,Normal
2001-11-01,2001,9.35,5.24,9.65,5.72,12.51,1.48,13.26,4.93,5.77,5666.38,2.58,5.63,4.77,Normal
2001-12-01,2001,15.75,6.51,11.48,7.1,8.0,1.93,10.82,6.87,7.36,5740.77,8.01,7.71,5.6,Normal
2002-01-01,2002,22.35,7.02,8.83,5.57,12.84,0.65,18.0,4.11,5.6,5847.71,2.93,5.16,5.69,Normal
2002-02-01,2002,7.53,6.31,6.27,5.76,11.77,1.02,16.54,5.07,5.97,5884.38,5.81,6.47,5.66,Normal
2002-03-01,2002,21.0,5.43,5.95,5.39,16.77,0.99,10.2,4.63,5.4,5987.36,20.28,4.85,6.22,Normal
2002-04-01,2002,-1.57,5.42,3.87,5.38,10.32,1.45,10.65,5.65,6.01,5979.55,5.68,9.0,5.0,Good
2002-05-01,2002,-10.5,7.35,18.42,7.45,17.01,0.97,14.41,9.67,7.7,5927.23,0.19,3.72,6.74,Weak
2002-06-01,2002,16.21,3.61,6.44,3.74,10.38,1.67,14.29,2.14,3.46,6007.31,3.28,6.87,4.68,Good
2002-07-01,2002,13.3,4.57,8.48,5.01,10.69,1.73,7.09,6.74,5.35,6073.91,10.92,6.8,6.57,Normal
2002-08-01,2002,20.16,5.02,2.97,5.28,13.28,1.48,5.68,2.6,5.58,6175.97,6.4,6.97,5.8,Good
2002-09-01,2002,-1.04,5.22,19.77,5.58,16.26,1.31,9.11,4.65,5.84,6170.61,1.56,5.82,4.25,Normal
2002-10-01,2002,18.29,3.11,5.56,6.09,14.48,0.9,12.82,7.46,6.54,6264.63,13.96,5.57,7.1,Normal
2002-11-01,2002,29.24,5.55,6.93,5.35,17.48,0.91,12.15,5.62,6.06,6417.29,15.74,6.05,4.87,Normal
2002-12-01,2002,12.33,4.78,8.98,5.39,14.51,1.67,13.06,3.56,5.6,6483.21,2.5,6.01,6.18,Normal
2003-01-01,2003,6.84,5.89,10.14,5.0,14.89,1.54,7.55,4.21,5.12,6520.18,-5.78,7.6,5.75,Good
2003-02-01,2003,15.42,5.01,13.2,5.64,13.52,1.2,5.39,6.72,5.81,6603.95,13.98,9.0,7.89,Normal
2003-03-01,2003,-2.56,4.24,14.95,5.51,14.97,1.08,12.69,4.19,5.7,6589.88,1.25,5.32,5.03,Normal
2003-04-01,2003,22.12,4.61,10.85,5.21,15.69,0.54,8.9,5.89,5.35,6711.33,10.03,3.9,5.14,Weak
2003-05-01,2003,-1.24,4.85,4.4,6.46,18.77,0.85,5.85,5.58,6.36,6704.41,-8.08,5.86,5.49,Normal
2003-06-01,2003,19.64,4.09,6.78,4.03,12.88,2.01,10.94,4.33,4.23,6814.13,14.25,9.0,4.96,Good
2003-07-01,2003,-7.55,7.28,12.31,7.88,20.09,0.93,13.82,9.36,8.17,6771.25,-5.31,4.33,7.04,Weak
2003-08-01,2003,5.77,6.75,17.59,6.56,12.18,1.33,10.86,6.64,6.78,6803.81,11.7,8.32,3.73,Normal
2003-09-01,2003,23.9,4.11,0.71,4.97,11.14,1.63,8.86,2.0,4.98,6939.31,9.12,8.94,3.71,Good
2003-10-01,2003,4.06,6.23,13.6,7.11,14.7,0.83,10.56,5.84,6.9,6962.81,-1.48,5.13,4.27,Normal
2003-11-01,2003,20.38,5.31,8.52,6.61,14.08,1.34,9.65,4.31,6.92,7081.05,4.06,7.0,6.46,Good
2003-12-01,2003,13.08,7.07,12.92,7.22,14.66,1.64,7.89,7.03,7.35,7158.25,11.18,8.26,7.78,Normal
2004-01-01,2004,-1.23,3.95,7.24,3.96,11.47,1.36,8.73,4.07,4.03,7150.93,6.99,5.6,5.16,Normal
2004-02-01,2004,19.2,4.67,5.07,4.51,13.15,2.29,12.13,5.29,4.9,7265.34,9.85,5.72,5.27,Normal
2004-03-01,2004,13.31,5.05,12.17,5.67,17.18,0.63,11.91,6.41,5.82,7345.94,18.71,5.02,5.72,Normal
2004-04-01,2004,8.05,6.05,12.21,6.05,18.04,1.62,11.68,7.06,6.57,7395.21,-6.77,4.29,7.13,Weak
2004-05-01,2004,17.88,6.54,11.06,5.07,11.49,1.17,7.85,3.34,5.66,7505.42,17.72,5.29,4.06,Normal
2004-06-01,2004,-0.17,4.39,8.13,5.15,9.43,1.53,10.27,4.9,5.21,7504.35,5.86,4.24,5.7,Weak
2004-07-01,2004,8.91,5.4,5.62,5.6,13.68,1.37,5.22,4.65,5.85,7560.1,0.0,6.15,6.54,Normal
2004-08-01,2004,21.11,3.6,1.58,4.88,12.83,1.02,11.03,4.32,4.98,7693.07,-3.52,4.99,5.92,Normal
2004-09-01,2004,11.86,4.89,13.92,6.47,12.29,1.33,15.24,8.68,6.62,7769.08,3.05,5.97,6.2,Weak
2004-10-01,2004,12.42,4.46,10.74,4.74,12.23,0.62,7.37,6.23,5.13,7849.47,10.62,3.58,6.81,Weak
2004-11-01,2004,19.24,4.96,3.24,4.31,13.82,1.53,8.84,3.23,4.47,7975.33,6.38,6.77,2.5,Good
2004-12-01,2004,17.68,4.43,7.49,5.04,18.88,1.34,12.11,7.15,5.5,8092.81,16.24,7.05,6.56,Normal
2005-01-01,2005,3.15,5.25,9.19,6.75,16.64,1.47,14.96,9.32,6.56,8114.03,-7.95,2.55,5.29,Weak
2005-02-01,2005,2.27,6.28,3.85,7.0,10.1,1.69,10.22,7.36,7.49,8129.38,5.09,6.34,3.58,Normal
2005-03-01,2005,9.89,3.52,3.53,4.08,13.34,1.47,8.46,2.77,4.28,8196.35,-0.52,8.17,5.7,Good
2005-04-01,2005,19.04,7.48,3.47,7.39,10.2,1.4,5.73,4.63,7.8,8326.38,7.82,4.29,7.02,Weak
2005-05-01,2005,8.17,5.06,8.41,7.19,13.92,0.99,11.7,7.78,7.19,8383.05,12.24,8.24,5.68,Normal
2005-06-01,2005,20.07,6.22,4.79,5.47,9.55,0.97,15.66,4.23,5.7,8523.24,3.88,6.78,6.45,Good
2005-07-01,2005,-0.86,4.3,2.59,5.31,18.31,1.65,11.77,6.3,5.59,8517.14,-13.4,4.85,7.55,Normal
2005-08-01,2005,4.47,6.8,17.57,7.11,11.59,1.79,11.17,6.89,7.05,8548.89,6.45,5.75,7.29,Normal
2005-09-01,2005,20.69,3.48,12.5,4.81,13.67,1.2,11.26,3.83,4.96,8696.31,10.2,7.04,7.22,Good
2005-10-01,2005,10.39,5.95,5.39,6.04,10.02,1.22,10.82,5.39,6.06,8771.59,8.77,6.13,6.37,Normal
2005-11-01,2005,23.1,7.12,7.39,6.43,17.79,0.95,7.97,2.0,6.82,8940.45,16.73,7.23,5.07,Good
2005-12-01,2005,4.96,5.15,9.05,4.78,12.75,1.67,12.47,3.66,5.28,8977.37,-1.48,4.84,3.3,Normal
2006-01-01,2006,13.29,5.36,13.04,6.64,13.34,1.49,11.33,5.05,6.76,9076.83,10.96,6.31,5.14,Normal
2006-02-01,2006,19.05,4.46,3.84,4.42,16.23,1.99,10.36,3.25,4.65,9220.96,14.17,4.15,4.15,Weak
2006-03-01,2006,4.22,5.04,14.85,7.01,17.66,0.97,9.17,8.44,7.0,9253.39,-8.23,5.48,8.55,Weak
2006-04-01,2006,-1.2,5.96,4.71,6.35,12.46,1.11,13.49,2.93,6.52,9244.12,8.65,4.95,4.9,Normal
2006-05-01,2006,0.88,5.48,2.72,5.12,11.01,1.34,12.34,4.71,5.22,9250.87,2.1,4.99,5.53,Normal
2006-06-01,2006,17.63,7.48,11.62,6.98,9.79,1.55,9.55,5.74,7.53,9386.78,6.15,7.83,6.2,Good
2006-07-01,2006,10.45,6.52,15.42,7.8,10.69,1.24,14.03,8.09,7.47,9468.54,7.82,7.33,5.94,Weak
2006-08-01,2006,7.03,3.52,17.25,4.45,9.37,1.0,8.98,2.92,4.65,9523.98,4.25,7.22,7.15,Good
2006-09-01,2006,-3.28,6.84,5.14,7.26,13.33,1.61,9.44,7.59,7.24,9497.95,-0.89,4.11,5.07,Weak
2006-10-01,2006,3.08,6.14,11.38,6.43,8.0,1.52,8.98,5.52,6.78,9522.31,5.79,5.52,5.74,Normal
2006-11-01,2006,-5.81,3.57,5.79,5.81,12.15,0.89,6.01,3.73,5.88,9476.19,0.13,8.03,4.34,Good
2006-12-01,2006,5.48,4.9,12.25,4.56,13.78,1.75,12.26,6.33,5.03,9519.44,-2.09,6.11,4.04,Normal
2007-01-01,2007,10.33,4.82,2.93,5.51,12.93,1.65,6.39,5.86,5.54,9601.42,12.07,9.0,4.82,Good
2007-02-01,2007,0.4,5.86,2.82,5.18,13.45,1.29,7.53,4.42,5.42,9604.64,-1.33,6.72,5.29,Good
2007-03-01,2007,12.88,4.43,5.55,5.84,12.5,1.23,5.72,5.63,5.98,9707.72,10.58,6.27,5.0,Normal
2007-04-01,2007,15.23,3.14,8.44,6.28,12.8,1.41,10.49,4.81,6.25,9830.93,9.17,5.62,4.57,Normal
2007-05-01,2007,18.71,5.75,6.14,5.76,18.39,0.92,10.55,5.7,6.21,9984.25,-6.25,6.18,3.84,Normal
2007-06-01,2007,-3.22,4.78,11.99,5.03,11.71,1.26,10.36,6.69,5.35,9957.42,0.34,5.63,5.58,Normal
2007-07-01,2007,22.35,4.95,14.54,7.27,11.71,0.55,8.98,8.35,7.3,10142.85,13.29,6.72,4.12,Weak
2007-08-01,2007,15.64,4.53,9.53,6.08,10.62,1.53,7.39,3.27,5.71,10275.07,0.9,7.7,6.08,Good
2007-09-01,2007,0.84,8.88,17.55,7.61,12.26,0.8,13.0,9.34,7.79,10282.22,-0.06,4.36,6.17,Weak
2007-10-01,2007,14.96,5.16,7.96,5.64,11.47,1.76,8.62,2.0,5.64,10410.38,9.77,4.42,3.23,Weak
2007-11-01,2007,9.45,6.53,3.53,6.39,10.72,1.13,11.6,5.23,6.57,10492.33,9.93,3.28,5.09,Weak
2007-12-01,2007,10.82,5.43,14.72,7.07,8.44,1.18,8.93,6.56,6.74,10586.94,3.94,6.63,4.76,Normal
2008-01-01,2008,17.96,3.73,6.48,5.53,12.03,0.99,11.45,6.01,6.12,10745.43,0.47,4.28,5.96,Weak
2008-02-01,2008,19.6,3.62,11.49,4.15,15.18,1.24,13.85,4.38,4.28,10920.95,14.58,2.91,6.94,Weak
2008-03-01,2008,21.45,5.39,14.63,5.66,18.17,1.71,12.25,5.13,6.21,11116.2,18.51,6.63,3.19,Good
2008-04-01,2008,13.28,4.98,9.82,5.08,13.78,0.4,9.62,4.61,5.86,11239.26,14.73,9.0,5.5,Good
2008-05-01,2008,1.25,5.22,1.9,5.77,9.8,1.66,11.25,4.44,5.85,11250.97,6.96,6.12,5.15,Normal
2008-06-01,2008,5.88,4.88,5.9,5.4,11.31,1.36,10.66,7.03,5.51,11306.12,0.07,7.07,6.54,Normal
2008-07-01,2008,15.68,4.5,14.28,5.14,13.28,0.83,11.06,6.14,5.36,11453.84,-0.25,6.05,5.85,Normal
2008-08-01,2008,2.67,4.88,7.09,6.23,10.63,0.86,9.75,4.25,6.41,11479.34,10.04,6.0,4.41,Normal
2008-09-01,2008,4.68,6.07,9.95,7.16,12.72,1.83,10.87,7.12,6.54,11524.15,8.68,7.18,5.36,Normal
2008-10-01,2008,16.51,4.45,11.97,6.52,11.54,0.93,11.54,6.05,6.74,11682.67,15.11,5.5,4.63,Normal
2008-11-01,2008,5.71,4.06,12.31,6.51,11.5,0.84,8.76,6.96,6.53,11738.31,9.84,6.23,7.01,Normal
2008-12-01,2008,-1.01,6.22,10.43,6.11,16.56,1.63,8.62,6.63,6.42,11728.4,-5.02,6.35,5.7,Normal
2009-01-01,2009,12.18,6.15,6.77,6.15,14.54,1.34,7.03,4.01,6.23,11847.48,13.41,5.18,7.56,Normal
2009-02-01,2009,-1.44,4.65,6.67,5.02,18.49,0.93,6.62,4.49,5.23,11833.23,0.18,7.61,5.28,Good
2009-03-01,2009,1.57,4.61,12.88,6.3,12.63,1.32,8.17,6.85,6.55,11848.71,2.3,5.58,4.85,Normal
2009-04-01,2009,15.5,4.66,11.5,6.32,8.3,0.84,11.55,6.6,6.01,12001.73,6.39,4.73,3.85,Normal
2009-05-01,2009,9.65,4.77,7.52,5.78,17.75,1.61,8.63,5.46,5.64,12098.2,20.26,6.81,3.33,Good
2009-06-01,2009,10.79,3.86,13.04,5.71,17.96,1.59,12.21,5.71,5.83,12206.98,26.74,4.63,3.63,Normal
2009-07-01,2009,7.4,5.46,9.55,6.26,11.54,1.46,11.54,7.8,6.98,12282.31,8.91,5.77,6.17,Normal
2009-08-01,2009,15.73,5.23,4.48,5.0,8.74,1.39,5.69,4.44,5.24,12443.29,5.08,6.11,5.95,Normal
2009-09-01,2009,11.6,7.71,6.18,7.88,14.11,1.92,12.76,6.48,7.35,12563.6,9.95,7.51,3.75,Good
2009-10-01,2009,11.42,4.21,4.42,4.95,12.64,1.27,12.81,5.14,5.16,12683.13,12.62,6.76,6.52,Good
2009-11-01,2009,10.0,5.71,7.23,5.84,10.9,0.81,8.29,5.11,5.71,12788.86,3.76,6.01,4.86,Normal
2009-12-01,2009,4.88,3.91,14.8,6.55,15.45,1.38,12.42,7.48,6.34,12840.92,18.05,6.99,5.97,Normal
2010-01-01,2010,15.2,7.37,6.32,7.58,14.58,2.06,9.11,6.99,7.68,13003.58,7.82,7.91,7.66,Normal
2010-02-01,2010,14.9,5.19,10.28,6.31,11.12,0.9,11.49,6.96,6.67,13165.04,9.01,6.66,6.8,Normal
2010-03-01,2010,9.14,6.95,7.48,6.89,15.57,1.21,8.3,7.85,7.65,13265.29,9.28,5.73,5.53,Normal
2010-04-01,2010,18.48,3.96,7.56,4.85,12.65,1.44,6.4,5.54,4.82,13469.6,7.67,4.03,4.44,Weak
2010-05-01,2010,4.67,6.89,3.33,6.29,13.37,1.23,10.22,6.73,6.64,13521.97,10.19,4.26,3.1,Weak
2010-06-01,2010,16.35,5.22,7.33,6.41,13.09,0.9,10.43,4.94,6.52,13706.19,1.54,5.61,4.55,Normal
2010-07-01,2010,8.93,6.04,8.18,5.81,13.38,1.61,10.03,6.08,6.27,13808.13,1.11,5.02,5.33,Normal
2010-08-01,2010,4.14,5.91,10.58,6.55,10.39,2.07,7.86,5.27,6.77,13855.77,-1.91,5.75,4.28,Normal
2010-09-01,2010,12.22,4.84,9.58,5.51,11.11,1.3,9.92,5.67,5.65,13996.91,8.86,6.06,5.37,Normal
2010-10-01,2010,12.75,6.57,4.48,7.42,14.63,1.0,11.82,6.57,7.5,14145.57,11.16,6.67,5.75,Normal
2010-11-01,2010,21.8,6.16,11.95,6.89,12.05,0.76,10.39,4.03,7.32,14402.52,9.73,6.07,5.01,Normal
2010-12-01,2010,7.89,5.9,11.86,7.18,12.79,1.37,12.27,9.27,7.03,14497.23,16.0,6.28,5.28,Weak
2011-01-01,2011,6.41,4.52,8.19,4.71,10.42,1.67,8.75,3.69,5.01,14574.7,6.77,6.31,5.43,Normal
2011-02-01,2011,20.42,6.19,7.12,5.83,15.71,1.4,13.26,3.31,6.4,14822.74,10.0,3.3,5.7,Weak
2011-03-01,2011,0.57,7.15,7.86,7.82,17.71,1.36,8.46,7.58,7.99,14829.77,-3.67,4.34,4.5,Weak
2011-04-01,2011,14.66,5.89,10.37,5.94,11.83,1.0,12.45,6.92,6.08,15010.92,2.26,5.61,7.41,Normal
2011-05-01,2011,23.86,6.0,11.21,5.95,13.72,0.82,14.11,6.62,6.06,15309.41,9.12,4.05,5.55,Weak
2011-06-01,2011,10.97,4.53,2.32,6.36,12.49,1.51,12.36,6.63,6.17,15449.34,11.68,6.76,5.69,Normal
2011-07-01,2011,15.42,4.95,6.41,4.71,8.0,1.61,10.36,5.48,4.92,15647.83,5.04,8.3,6.35,Good
2011-08-01,2011,4.1,3.28,6.51,4.52,8.89,0.76,9.15,3.88,4.7,15701.24,7.16,8.02,5.54,Good
2011-09-01,2011,9.95,5.04,9.69,4.82,19.1,1.82,13.5,5.64,5.24,15831.4,-5.05,5.66,6.66,Normal
2011-10-01,2011,12.43,4.94,12.56,5.01,9.8,1.48,7.01,4.28,4.96,15995.45,5.18,8.38,5.66,Good
2011-11-01,2011,16.6,4.19,6.63,6.48,12.51,1.74,8.89,7.26,6.59,16216.73,11.27,6.01,5.03,Normal
2011-12-01,2011,8.34,5.54,6.41,5.84,11.54,0.74,9.81,5.24,6.09,16329.45,9.71,5.53,5.89,Normal
2012-01-01,2012,1.43,5.86,5.56,6.09,15.88,0.78,13.6,4.01,6.72,16348.94,9.59,5.26,3.9,Normal
2012-02-01,2012,14.56,3.8,4.99,5.21,13.47,1.23,11.68,4.92,5.0,16547.27,6.22,5.62,5.54,Normal
2012-03-01,2012,-4.36,7.38,7.67,6.59,14.79,1.46,8.64,6.24,7.05,16487.13,5.17,5.33,5.57,Normal
2012-04-01,2012,6.64,4.41,11.0,5.18,11.85,1.87,9.85,4.49,5.47,16578.37,1.87,6.38,5.1,Normal
2012-05-01,2012,20.93,4.31,3.4,5.38,13.78,1.49,8.97,4.02,5.44,16867.56,11.61,6.42,5.12,Normal
2012-06-01,2012,13.45,6.04,10.57,6.24,8.47,1.17,9.21,5.94,6.69,17056.66,8.55,5.95,3.31,Normal
2012-07-01,2012,26.31,5.09,2.05,4.73,14.93,0.9,13.43,5.94,5.26,17430.69,9.4,6.6,4.91,Good
2012-08-01,2012,17.19,5.32,5.74,5.31,8.89,1.63,7.22,4.59,5.99,17680.4,3.6,7.9,5.47,Good
2012-09-01,2012,-1.03,6.21,6.71,5.87,18.05,0.88,14.68,4.65,5.84,17665.28,-8.03,7.53,5.56,Good
2012-10-01,2012,13.91,6.25,15.55,6.25,11.24,1.81,13.05,5.92,6.54,17869.98,12.06,3.72,4.33,Weak
2012-11-01,2012,8.26,3.23,5.78,5.9,11.08,1.15,12.95,2.89,5.32,17992.97,1.71,2.48,6.63,Weak
2012-12-01,2012,-1.64,6.3,-1.88,6.68,10.5,1.84,9.08,2.97,7.08,17968.43,1.86,7.71,4.08,Good
2013-01-01,2013,6.6,4.08,-0.26,4.66,11.2,1.51,10.18,4.21,5.04,18067.29,10.22,4.1,6.47,Weak
2013-02-01,2013,5.35,5.21,8.46,5.15,10.42,1.2,7.2,5.12,5.44,18147.89,3.09,5.71,5.96,Normal
2013-03-01,2013,-0.55,2.87,11.39,5.61,12.3,1.04,9.7,6.06,5.7,18139.62,11.99,4.18,4.81,Weak
2013-04-01,2013,10.75,7.55,11.8,6.22,12.47,1.12,12.77,8.16,6.49,18302.09,7.29,2.98,8.03,Weak
2013-05-01,2013,11.13,5.61,10.25,6.03,10.23,1.35,14.5,7.04,6.03,18471.88,10.26,6.63,4.3,Normal
2013-06-01,2013,-5.57,6.34,13.04,6.46,15.27,1.3,8.04,5.21,6.85,18386.2,-2.96,7.17,6.56,Good
2013-07-01,2013,17.85,7.41,6.39,6.63,16.85,1.08,9.95,5.47,7.12,18659.72,13.85,5.14,6.7,Normal
2013-08-01,2013,15.98,6.34,10.98,4.31,9.32,1.23,10.05,3.7,4.91,18908.25,6.45,2.33,4.42,Weak
2013-09-01,2013,10.54,5.36,2.03,4.62,10.22,1.28,7.38,5.47,5.32,19074.39,2.81,5.18,7.17,Normal
2013-10-01,2013,9.56,6.36,4.62,5.92,10.42,0.47,12.22,4.98,6.2,19226.43,7.42,6.65,5.12,Good
2013-11-01,2013,6.71,5.14,1.72,5.54,20.03,1.38,9.21,6.08,5.76,19333.87,-8.13,3.71,5.93,Weak
2013-12-01,2013,18.01,5.39,6.51,5.68,12.47,0.86,10.01,4.01,5.99,19624.04,9.61,6.45,5.59,Normal
2014-01-01,2014,8.39,5.34,9.0,6.65,13.17,0.84,9.98,6.43,6.49,19761.26,-1.88,5.86,5.48,Normal
2014-02-01,2014,-1.38,4.1,10.82,5.91,16.69,0.63,9.59,8.26,5.75,19738.53,-4.59,6.54,6.89,Weak
2014-03-01,2014,6.99,5.98,8.7,6.94,13.54,0.67,10.81,5.3,7.17,19853.55,-4.63,6.2,6.42,Normal
2014-04-01,2014,22.32,5.86,5.33,7.09,15.0,0.86,10.52,6.22,7.69,20222.85,12.44,4.45,3.51,Weak
2014-05-01,2014,4.26,5.07,8.62,5.65,13.05,0.96,10.26,6.74,5.94,20294.59,1.77,7.65,7.25,Normal
2014-06-01,2014,31.61,3.52,2.12,5.14,15.43,1.93,8.87,4.78,5.44,20829.18,16.8,5.85,3.4,Normal
2014-07-01,2014,4.75,5.81,14.29,6.06,10.51,1.05,11.77,5.9,6.37,20911.55,1.84,5.91,6.8,Normal
2014-08-01,2014,3.74,5.58,7.38,5.95,15.23,1.28,15.01,5.52,6.28,20976.66,-6.91,4.6,6.86,Normal
2014-09-01,2014,1.32,6.02,6.73,6.28,15.62,1.39,11.27,5.68,6.59,20999.82,-2.45,5.31,4.22,Normal
2014-10-01,2014,17.22,6.21,14.03,6.87,17.21,1.34,13.02,4.11,7.12,21301.11,14.46,4.84,4.8,Normal
2014-11-01,2014,-2.21,7.67,3.63,5.56,9.41,1.18,7.41,5.54,5.87,21261.9,4.57,5.74,4.18,Normal
2014-12-01,2014,5.46,6.0,4.66,5.58,12.5,0.81,11.49,6.4,5.68,21358.69,2.94,8.46,5.38,Good
2015-01-01,2015,1.33,3.84,5.89,5.75,8.0,1.72,8.78,8.11,5.81,21382.32,4.47,3.63,5.52,Weak
2015-02-01,2015,11.56,5.34,9.43,5.64,9.54,1.83,7.61,7.23,6.02,21588.3,7.12,3.37,6.69,Weak
2015-03-01,2015,20.85,5.72,12.82,7.5,13.81,0.72,10.0,9.38,7.33,21963.43,12.86,7.74,7.65,Weak
2015-04-01,2015,21.45,5.65,10.64,6.56,14.06,0.92,13.51,4.12,6.95,22355.98,16.5,5.85,6.97,Normal
2015-05-01,2015,-8.58,4.21,19.88,5.58,10.26,1.11,13.64,7.07,6.14,22196.16,1.94,4.81,5.06,Normal
2015-06-01,2015,20.44,5.94,-0.21,6.24,13.39,0.89,11.57,5.83,6.29,22574.27,-2.77,7.52,5.3,Good
2015-07-01,2015,8.62,5.69,13.57,7.01,13.57,1.49,8.03,9.44,7.37,22736.39,0.4,4.62,4.07,Weak
2015-08-01,2015,8.34,6.73,5.4,6.37,11.87,0.98,10.02,4.05,6.44,22894.36,9.9,8.91,4.31,Good
2015-09-01,2015,9.41,7.81,5.25,6.74,8.49,2.08,11.25,3.99,7.49,23073.93,0.42,7.2,6.43,Good
2015-10-01,2015,8.54,5.77,5.39,5.4,9.35,1.68,11.04,4.42,5.2,23238.17,-0.72,5.4,7.28,Normal
2015-11-01,2015,10.48,3.46,2.66,4.4,11.89,1.4,5.39,2.0,4.38,23441.17,11.46,9.0,3.49,Good
2015-12-01,2015,12.04,6.34,14.7,5.98,11.1,1.6,8.41,4.55,6.5,23676.33,5.47,5.2,4.65,Normal
2016-01-01,2016,7.86,6.08,11.06,5.55,8.0,1.59,10.37,4.13,6.07,23831.42,7.37,7.28,5.26,Good
2016-02-01,2016,5.03,6.5,8.84,7.84,11.86,1.13,12.28,5.77,7.57,23931.34,0.62,6.42,5.88,Normal
2016-03-01,2016,5.58,5.33,14.38,6.35,9.41,0.97,5.54,6.12,6.68,24042.66,4.97,7.88,4.62,Good
2016-04-01,2016,-3.66,7.12,4.72,6.54,16.58,1.3,11.31,8.88,6.89,23969.29,-1.1,7.94,6.52,Weak
2016-05-01,2016,14.25,6.39,4.36,6.35,12.19,1.59,11.66,7.21,7.07,24254.02,11.2,5.84,5.19,Normal
2016-06-01,2016,18.87,6.5,-0.81,6.29,14.71,1.29,12.74,4.46,6.52,24635.48,12.99,4.99,5.33,Normal
2016-07-01,2016,8.43,4.97,4.73,5.88,16.72,0.66,12.2,3.88,6.09,24808.54,-5.88,6.88,5.91,Good
2016-08-01,2016,11.94,4.97,9.8,6.74,9.87,0.98,12.55,6.39,6.72,25055.4,-1.7,4.88,5.64,Normal
2016-09-01,2016,9.78,5.19,7.44,5.52,15.8,1.18,8.28,3.12,6.02,25259.55,-1.93,9.0,4.62,Good
2016-10-01,2016,2.77,6.93,11.32,7.56,13.8,1.34,6.93,8.8,8.09,25317.87,-0.31,5.81,5.86,Weak
2016-11-01,2016,14.87,6.08,4.31,7.81,12.1,2.04,10.42,7.62,7.85,25631.51,3.84,5.2,5.71,Normal
2016-12-01,2016,-3.76,5.66,11.24,6.33,23.11,0.73,13.17,4.66,6.22,25551.12,-3.73,6.38,4.93,Normal
2017-01-01,2017,1.66,3.15,7.53,4.24,9.11,1.47,13.59,2.42,4.79,25586.51,-0.15,4.35,4.73,Weak
2017-02-01,2017,-1.89,5.12,13.09,7.09,18.44,1.8,13.26,7.94,6.97,25546.21,-3.26,4.25,7.78,Weak
2017-03-01,2017,20.02,6.79,0.87,6.75,10.83,2.07,11.9,5.29,6.89,25972.31,8.37,7.83,6.14,Good
2017-04-01,2017,15.92,5.68,11.27,6.25,11.23,1.07,12.38,7.73,6.13,26316.88,4.62,4.75,5.48,Normal
2017-05-01,2017,12.23,4.66,1.96,5.12,12.34,1.43,8.77,2.63,5.29,26585.18,1.39,4.77,5.91,Normal
2017-06-01,2017,19.87,3.96,6.28,4.53,10.39,1.45,10.28,4.42,5.31,27025.45,8.06,6.93,4.94,Good
2017-07-01,2017,3.27,4.54,10.72,5.84,10.43,1.27,15.05,5.51,6.03,27099.06,2.97,7.78,6.91,Good
2017-08-01,2017,12.56,6.08,8.99,7.17,11.4,1.25,8.54,5.58,7.05,27382.8,4.47,7.07,5.96,Good
2017-09-01,2017,17.42,5.82,4.64,5.5,14.09,1.36,14.71,4.69,5.87,27780.27,18.78,7.59,5.25,Good
2017-10-01,2017,20.69,6.38,9.33,6.18,16.0,0.4,10.35,6.62,6.43,28259.14,14.01,4.73,6.21,Normal
2017-11-01,2017,5.01,3.41,1.2,4.05,14.27,1.58,13.71,3.58,4.24,28377.22,-3.45,4.1,3.33,Weak
2017-12-01,2017,12.39,4.96,13.01,5.63,11.69,1.28,7.29,5.24,6.51,28670.19,13.0,8.28,4.11,Good
2018-01-01,2018,17.3,6.12,7.89,6.86,12.02,1.17,12.39,5.72,6.59,29083.53,11.13,5.49,4.1,Normal
2018-02-01,2018,11.76,6.62,13.65,7.68,17.31,2.08,9.26,6.43,8.05,29368.55,-2.9,5.51,5.81,Normal
2018-03-01,2018,9.4,4.97,7.3,6.18,12.32,0.98,7.66,6.78,6.2,29598.54,11.99,7.84,7.77,Normal
2018-04-01,2018,17.72,6.11,5.16,5.3,17.47,1.1,10.92,3.48,5.47,30035.53,18.09,7.08,7.87,Good
2018-05-01,2018,0.83,5.57,3.72,5.4,11.87,1.96,12.71,2.74,5.23,30056.33,-0.23,7.02,5.85,Good
2018-06-01,2018,-10.09,7.26,13.57,8.02,14.71,1.07,9.34,7.8,8.07,29803.62,0.0,8.97,6.45,Normal
2018-07-01,2018,15.28,4.38,6.13,5.92,14.83,1.02,7.28,6.1,6.13,30183.19,12.11,4.96,3.43,Normal
2018-08-01,2018,17.41,5.42,10.28,5.38,15.55,1.17,10.31,4.15,5.75,30621.09,9.19,7.55,4.65,Good
2018-09-01,2018,13.18,7.32,8.86,7.51,11.01,1.61,11.35,8.29,7.46,30957.52,8.29,5.75,4.97,Weak
2018-10-01,2018,-1.54,5.24,0.81,5.6,12.72,1.29,12.3,5.71,6.22,30917.81,8.32,6.38,4.79,Normal
2018-11-01,2018,9.64,6.55,7.67,6.4,11.8,0.78,13.78,7.62,6.39,31166.26,8.73,8.04,5.62,Normal
2018-12-01,2018,-9.63,6.56,3.94,5.77,17.5,1.03,10.76,5.62,6.2,30916.18,-3.1,6.75,4.95,Good
2019-01-01,2019,22.67,8.38,11.12,8.32,11.79,1.16,16.44,9.21,8.16,31500.17,11.69,6.36,3.68,Weak
2019-02-01,2019,6.61,5.49,5.87,6.17,15.59,1.2,12.23,8.66,6.28,31673.78,13.27,7.23,6.87,Weak
2019-03-01,2019,18.63,5.81,11.99,5.96,10.53,1.35,9.9,5.05,5.95,32165.6,4.15,5.51,4.15,Normal
2019-04-01,2019,15.65,6.31,9.35,5.92,10.91,1.35,7.28,7.25,6.05,32585.03,3.93,4.53,6.05,Normal
2019-05-01,2019,-2.82,6.92,8.62,6.77,16.88,0.69,10.51,6.66,7.36,32508.45,-6.35,4.29,8.16,Weak
2019-06-01,2019,2.09,4.29,12.8,5.28,10.9,1.6,10.65,7.96,5.64,32564.93,6.53,2.75,4.77,Weak
2019-07-01,2019,17.61,4.13,11.3,4.96,13.31,1.37,12.84,3.76,4.94,33042.7,12.26,9.0,2.5,Good
2019-08-01,2019,3.15,6.12,9.3,6.63,11.52,1.74,12.34,6.73,6.73,33129.4,3.84,4.2,5.34,Weak
2019-09-01,2019,14.57,6.0,6.73,8.06,16.85,1.51,8.4,7.41,7.92,33531.75,12.53,5.44,7.11,Normal
2019-10-01,2019,7.62,4.44,-0.58,4.79,12.48,1.68,10.51,2.33,4.84,33744.72,4.89,5.96,7.38,Normal
2019-11-01,2019,1.82,5.28,4.45,4.42,14.66,1.46,12.02,3.37,4.81,33795.85,11.13,6.72,3.71,Good
2019-12-01,2019,-6.33,4.29,3.83,5.93,11.65,1.69,13.82,2.0,6.28,33617.71,1.17,7.64,5.57,Good
2020-01-01,2020,13.08,5.3,8.69,4.55,8.66,1.49,12.97,5.02,4.67,33984.05,6.62,7.35,4.87,Good
2020-02-01,2020,5.02,4.78,8.03,3.96,13.21,1.27,13.1,6.79,4.69,34126.16,3.46,4.97,5.57,Normal
2020-03-01,2020,6.12,5.95,13.08,7.57,11.78,2.1,11.7,8.2,7.3,34300.17,5.87,5.42,9.08,Weak
2020-04-01,2020,14.3,5.4,6.21,5.61,14.27,1.54,11.88,5.63,5.65,34708.78,3.4,6.41,3.72,Normal
2020-05-01,2020,16.65,5.2,10.25,6.37,10.24,1.42,14.73,8.43,6.21,35190.38,3.19,5.28,6.24,Weak
2020-06-01,2020,14.46,6.32,11.7,5.15,14.16,0.78,6.92,3.02,5.7,35614.51,14.22,8.71,5.69,Good
2020-07-01,2020,8.69,5.62,7.95,5.28,8.0,0.82,9.23,2.43,5.12,35872.36,4.75,7.1,6.34,Good
2020-08-01,2020,8.6,3.75,8.27,5.92,15.03,1.34,8.92,5.4,5.51,36129.4,-4.76,7.11,5.6,Good
2020-09-01,2020,8.03,4.94,6.62,4.74,18.84,1.31,12.0,6.19,5.22,36371.3,18.26,6.91,5.97,Good
2020-10-01,2020,18.44,5.86,6.0,6.72,14.94,1.04,13.94,5.44,6.68,36930.16,16.49,7.77,5.02,Good
2020-11-01,2020,11.67,5.12,2.9,5.15,15.18,1.31,8.51,2.0,5.3,37289.33,-1.27,6.69,5.3,Good
2020-12-01,2020,17.35,4.64,6.31,5.33,11.74,1.77,5.0,5.34,5.86,37828.6,9.67,4.07,5.06,Weak
2021-01-01,2021,-3.2,7.68,10.07,6.63,11.73,1.5,9.26,3.15,6.66,37727.78,3.85,6.88,5.89,Good
2021-02-01,2021,5.31,5.59,8.47,5.62,8.09,0.84,13.46,6.71,5.57,37894.62,6.51,4.88,5.24,Normal
2021-03-01,2021,4.99,3.68,3.6,4.71,10.88,1.24,12.38,6.16,5.01,38052.22,7.11,5.13,6.05,Normal
2021-04-01,2021,11.86,3.33,14.55,5.0,8.0,1.01,11.52,3.81,4.85,38428.21,5.54,7.08,5.21,Good
2021-05-01,2021,12.43,4.78,9.25,5.07,11.82,1.09,9.94,4.58,5.64,38826.17,1.84,7.97,6.71,Good
2021-06-01,2021,19.61,5.44,1.71,5.0,8.84,1.09,7.2,3.59,5.53,39460.78,1.99,6.26,5.15,Normal
2021-07-01,2021,4.01,5.31,6.73,5.65,15.76,1.05,12.14,5.39,5.77,39592.59,-0.28,6.48,3.36,Normal
2021-08-01,2021,4.25,7.02,10.14,6.74,14.47,0.83,9.22,7.22,6.88,39732.81,0.52,8.35,7.27,Normal
2021-09-01,2021,19.66,4.56,14.24,4.05,11.29,1.29,15.89,3.73,4.38,40383.78,6.47,6.57,4.15,Good
2021-10-01,2021,10.96,7.48,4.73,7.52,15.11,1.12,12.53,6.41,7.47,40752.46,2.06,9.0,4.85,Good
2021-11-01,2021,23.14,5.32,11.86,5.58,11.26,0.4,9.18,4.55,5.6,41538.26,11.56,6.96,4.64,Good
2021-12-01,2021,18.07,4.79,13.25,6.46,18.83,1.95,8.99,4.07,6.39,42163.69,15.52,3.53,6.94,Weak
2022-01-01,2022,1.01,5.41,5.94,6.03,13.7,1.6,10.59,5.31,6.21,42199.3,2.49,7.15,2.91,Good
2022-02-01,2022,3.61,6.12,6.25,5.71,11.15,1.09,9.81,3.64,5.71,42326.09,8.78,6.8,8.99,Good
2022-03-01,2022,3.22,5.53,3.78,5.85,15.07,1.22,13.42,4.5,6.11,42439.57,10.9,8.05,6.62,Good
2022-04-01,2022,18.83,5.6,6.36,5.97,10.53,0.82,10.8,3.34,5.6,43105.41,10.8,7.27,5.44,Good
2022-05-01,2022,17.3,6.41,10.73,7.4,9.12,1.93,9.93,9.04,7.75,43726.7,4.42,5.37,5.96,Weak
2022-06-01,2022,25.67,5.59,11.25,7.46,11.07,1.95,15.62,5.56,7.09,44662.0,9.98,4.16,5.85,Weak
2022-07-01,2022,19.04,5.11,12.12,5.58,11.07,1.28,10.68,4.24,5.72,45370.64,9.68,5.84,5.94,Normal
2022-08-01,2022,13.31,6.24,5.83,6.21,13.14,1.61,12.89,5.89,6.7,45874.02,-3.74,4.68,6.33,Normal
2022-09-01,2022,9.73,4.7,0.57,6.05,15.59,1.27,9.3,5.3,5.86,46246.08,11.53,5.15,6.14,Normal
2022-10-01,2022,6.67,6.21,8.23,6.89,13.28,0.81,11.68,5.1,7.01,46503.09,12.73,6.93,5.55,Good
2022-11-01,2022,14.26,4.3,10.47,5.91,13.2,1.07,11.93,6.61,5.85,47055.86,1.29,8.37,5.43,Normal
2022-12-01,2022,13.31,7.99,10.46,8.07,8.92,1.4,6.49,6.86,7.92,47577.94,5.71,6.43,5.52,Normal
2023-01-01,2023,13.83,4.85,6.65,5.57,8.72,1.07,15.67,4.55,5.63,48126.16,10.11,4.32,5.12,Weak
2023-02-01,2023,13.51,5.12,8.4,4.19,10.85,1.24,13.84,4.46,4.49,48667.9,5.26,6.79,6.71,Good
2023-03-01,2023,18.21,6.55,14.31,6.02,10.99,1.17,9.76,5.0,5.93,49406.34,14.58,7.85,6.14,Good
2023-04-01,2023,30.33,3.93,7.83,4.08,19.68,1.31,7.24,2.0,4.23,50655.24,23.68,5.51,2.5,Normal
2023-05-01,2023,18.18,4.58,5.31,5.74,9.57,1.24,11.06,2.77,5.72,51422.73,1.62,6.13,5.88,Normal
2023-06-01,2023,7.87,3.72,8.17,5.65,19.98,0.86,11.71,7.96,6.34,51760.13,-5.1,5.73,6.1,Normal
2023-07-01,2023,15.65,4.49,9.82,6.64,11.85,1.0,12.5,8.46,6.68,52435.28,5.78,4.47,5.92,Weak
2023-08-01,2023,17.79,2.63,14.83,4.02,13.41,0.88,11.24,5.05,4.33,53212.74,11.64,7.03,4.97,Good
2023-09-01,2023,5.96,6.32,8.52,6.26,13.76,1.54,12.4,6.54,6.0,53476.9,3.57,5.69,7.0,Normal
2023-10-01,2023,21.6,3.62,8.86,4.26,13.94,0.6,14.63,6.06,4.26,54439.28,16.05,6.56,6.72,Good
2023-11-01,2023,-7.27,5.42,9.57,6.22,17.92,1.63,13.42,10.0,6.31,54109.38,-6.6,4.13,5.25,Weak
2023-12-01,2023,19.36,4.64,14.28,7.29,12.3,1.79,8.75,7.52,7.31,54982.56,9.27,5.1,6.29,Normal
2024-01-01,2024,0.65,4.96,16.26,6.15,12.46,1.14,14.22,5.27,6.55,55012.43,2.3,7.11,4.3,Good
2024-02-01,2024,20.04,5.99,9.26,5.99,19.49,0.4,14.55,3.78,5.74,55931.37,18.44,5.65,3.59,Normal
2024-03-01,2024,15.25,4.13,7.03,4.56,20.74,1.22,18.0,2.61,4.21,56642.24,22.69,8.94,4.31,Good
2024-04-01,2024,11.18,5.27,8.96,6.04,13.81,1.18,8.16,5.87,6.09,57169.84,-0.06,5.36,6.59,Normal
2024-05-01,2024,9.28,5.48,-1.85,5.77,8.31,0.88,11.14,4.14,5.52,57611.91,2.87,6.5,6.44,Good
2024-06-01,2024,4.92,5.13,9.89,3.89,12.54,1.17,5.03,2.94,4.18,57848.15,13.93,7.71,5.73,Good
2024-07-01,2024,11.86,6.1,8.36,6.45,11.55,1.8,11.97,4.34,6.8,58420.01,2.55,4.01,6.2,Weak
2024-08-01,2024,6.39,5.65,9.02,5.88,10.6,1.43,9.02,3.55,6.02,58730.98,5.06,3.59,5.83,Weak
2024-09-01,2024,14.28,6.02,7.7,6.84,9.19,0.95,16.44,8.54,6.89,59430.03,3.18,3.35,5.19,Weak
2024-10-01,2024,3.33,7.64,8.07,6.33,22.09,0.69,9.34,7.09,6.58,59594.88,-7.39,7.7,6.26,Normal
2024-11-01,2024,13.08,3.82,6.92,6.15,13.33,1.1,6.65,5.49,6.16,60244.31,5.28,5.17,6.46,Normal
2024-12-01,2024,1.4,4.87,14.39,5.23,13.61,1.18,10.36,8.16,5.3,60314.72,1.45,9.0,6.8,Weak
2025-01-01,2025,4.25,5.08,7.15,5.45,12.33,1.39,5.97,5.64,5.85,60528.09,1.84,5.14,6.95,Normal
2025-02-01,2025,14.06,4.89,15.9,4.89,15.66,1.1,12.37,3.95,4.91,61237.12,16.88,6.46,6.12,Normal
2025-03-01,2025,11.42,4.64,12.08,6.22,13.01,1.39,6.4,8.24,6.16,61820.0,-3.11,7.98,6.33,Weak
2025-04-01,2025,26.43,5.3,4.1,6.01,13.92,1.89,11.19,6.47,6.11,63181.46,12.67,8.89,6.93,Good
2025-05-01,2025,6.3,6.92,6.85,6.92,10.82,1.55,5.21,3.63,6.78,63513.42,6.36,9.0,5.19,Good
2025-06-01,2025,18.2,8.26,5.75,5.94,8.0,1.21,9.99,5.16,6.39,64476.64,5.04,7.85,4.39,Good
2025-07-01,2025,0.15,5.17,-1.23,4.96,14.63,1.22,14.59,3.92,4.99,64484.63,13.02,7.73,5.07,Good
2025-08-01,2025,5.45,4.55,13.36,5.14,11.98,1.11,11.15,3.01,5.59,64777.73,9.98,7.19,4.23,Good
